term,stem,count,x,y,z,x,y,sample_size,ratio,google_w2v_x,google_w2v_y,,180,260
zealand,zealand,47,,,,,,1000,0.047,1.554361979,-0.768010919,,,
trump,trump,34,180,260,,0,0,1000,0.034,-0.33647799,-0.117458873,,,
mexico,mexico,28,,,,,,1000,0.028,2.306040874,-0.533092339,,,
minister,minist,24,210,254,,30,-6,1000,0.024,-0.628879632,0.35671052,,,
mayor,mayor,22,150,309,,-30,49,1000,0.022,-0.582900297,0.792691318,,,
liverpool,liverpool,22,,,,,,1000,0.022,2.226375367,0.575432926,,,
delhi,delhi,21,,,,,,1000,0.021,1.61934724,-0.327177554,,,
league,leagu,20,,,,,,1000,0.02,-0.473756382,0.74189456,,,
manchester,manchest,17,,,,,,1000,0.017,1.629088862,-0.010371164,,,
election,elect,17,,,,,,1000,0.017,-0.635084521,0.490837326,,,
bloomberg,bloomberg,17,,,,,,1000,0.017,1.936417266,-0.358328843,,,
united,unit,15,,,,,,1000,0.015,-0.35045788,0.109831734,,,
launch,launch,15,,,,,,1000,0.015,-0.506179169,-0.927997041,,,
city's,citi,15,,,,,,1000,0.015,0.246392154,-0.07575619,,,
premier,premier,14,,,,,,1000,0.014,-0.525341717,-0.491281289,,,
photo,photo,14,,,,,,1000,0.014,-0.20456478,0.107709679,,,
centre,centr,14,,,,,,1000,0.014,,,,,
kansas,kansa,13,,,,,,1000,0.013,1.923365988,-0.254067052,,,
democratic,democrat,13,,,,,,1000,0.013,-0.490913963,0.249948964,,,
leader,leader,12,,,,,,1000,0.012,-0.67472708,-0.052120625,,,
fires,fire,12,,,,,,1000,0.012,-0.773732445,0.503560347,,,
celebrities,celebr,12,,,,,,1000,0.012,-0.413331134,0.170440796,,,
australia,australia,12,,,,,,1000,0.012,2.159940056,-0.726340685,,,
wales,wale,11,,,,,,1000,0.011,1.217001,-0.183030373,,,
veterans,veteran,11,,,,,,1000,0.011,-0.666886257,0.3179252,,,
london,london,11,,,,,,1000,0.011,2.097105984,-0.270321985,,,
india,india,11,,,,,,1000,0.011,2.029592339,-0.851448524,,,
david,david,11,,,,,,1000,0.011,2.254362807,-0.105165927,,,
california,california,11,,,,,,1000,0.011,2.322513031,-0.571023252,,,
royal,royal,10,,,,,,1000,0.01,-0.162956927,0.441052648,,,
protests,protest,10,,,,,,1000,0.01,-0.723117629,0.250966388,,,
prnewswire,prnewswir,10,,,,,,1000,0.01,-0.064452157,-0.461706402,,,
nations,nation,10,,,,,,1000,0.01,-0.490274519,-0.279132948,,,
media,media,10,,,,,,1000,0.01,-0.399274491,-0.170599818,,,
independent,independ,10,,,,,,1000,0.01,-0.686995553,-0.639348376,,,
hosts,host,10,,,,,,1000,0.01,-0.519483807,-0.040377407,,,
foundation,foundat,10,,,,,,1000,0.01,-0.701242251,-0.310683993,,,
detroit,detroit,10,,,,,,1000,0.01,1.853427559,-0.22732808,,,
deputy,deputi,10,,,,,,1000,0.01,-0.55887658,0.310397748,,,
china,china,10,,,,,,1000,0.01,0.580107727,0.020493923,,,
tv,tv,9,,,,,,1000,0.009,1.106510867,-0.123803464,,,
securities,secur,9,,,,,,1000,0.009,-0.445625685,-0.340938254,,,
presidential,presidenti,9,,,,,,1000,0.009,-0.478121843,0.367030139,,,
park,park,9,,,,,,1000,0.009,-0.49875938,0.304428332,,,
nigeria,nigeria,9,,,,,,1000,0.009,2.290635595,0.006683082,,,
michael,michael,9,,,,,,1000,0.009,2.355292544,0.105201096,,,
johnson,johnson,9,,,,,,1000,0.009,2.029808604,0.261330905,,,
headlines,headlin,9,,,,,,1000,0.009,-0.395851583,-0.108180914,,,
hampshire,hampshir,9,,,,,,1000,0.009,0.799243418,0.09546715,,,
corporation,corpor,9,,,,,,1000,0.009,-0.540436131,-0.409544574,,,
brand,brand,9,,,,,,1000,0.009,-0.527220768,-0.665211143,,,
american,american,9,,,,,,1000,0.009,1.710318004,-0.334787381,,,
america,america,9,,,,,,1000,0.009,2.091826942,-0.535575864,,,
â,â,8,,,,,,1000,0.008,0.47073492,-0.391276066,,,
supreme,suprem,8,,,,,,1000,0.008,-0.184084937,0.261221634,,,
sports,sport,8,,,,,,1000,0.008,-0.235223317,-0.04784207,,,
resign,resign,8,,,,,,1000,0.008,-0.571604434,0.513344916,,,
orleans,orlean,8,,,,,,1000,0.008,1.571828368,0.189532171,,,
investors,investor,8,,,,,,1000,0.008,-0.846452304,-0.450102985,,,
impeachment,impeach,8,,,,,,1000,0.008,-0.361521977,0.833129552,,,
global,global,8,,,,,,1000,0.008,-0.450655909,-0.994253753,,,
flood,flood,8,,,,,,1000,0.008,-0.442493837,0.08086184,,,
defenders,defend,8,,,,,,1000,0.008,-0.67431309,1.143626292,,,
champions,champion,8,,,,,,1000,0.008,-0.645810797,0.703200586,,,
ceo,ceo,8,,,,,,1000,0.008,0.431592039,-0.659588227,,,
alleged,alleg,8,,,,,,1000,0.008,-0.648004651,0.15035251,,,
victory,victori,7,,,,,,1000,0.007,-0.933061619,0.796650835,,,
van,van,7,,,,,,1000,0.007,-0.223501203,0.195235468,,,
republican,republican,7,,,,,,1000,0.007,0.374146911,0.624503948,,,
rating,rate,7,,,,,,1000,0.007,-0.425488727,-0.476523884,,,
pistons,piston,7,,,,,,1000,0.007,0.034524972,0.214336186,,,
online,onlin,7,,,,,,1000,0.007,-0.096121497,-0.808626674,,,
morales,moral,7,,,,,,1000,0.007,0.702320527,0.216564482,,,
los,los,7,,,,,,1000,0.007,1.336382614,0.031191743,,,
inauguration,inaugur,7,,,,,,1000,0.007,-0.499216181,0.106573587,,,
implemented,implement,7,,,,,,1000,0.007,-0.715395575,-0.790877707,,,
forecast,forecast,7,,,,,,1000,0.007,-0.557173709,-0.5691539,,,
ensure,ensur,7,,,,,,1000,0.007,-0.685961735,-0.64385047,,,
eastern,eastern,7,,,,,,1000,0.007,-0.344600426,-0.057536735,,,
cup,cup,7,,,,,,1000,0.007,-0.133789242,0.440045974,,,
contribution,contribut,7,,,,,,1000,0.007,-0.701006456,-0.37961143,,,
children,children,7,,,,,,1000,0.007,-0.632938782,0.291637225,,,
chiefs,chief,7,,,,,,1000,0.007,-0.503592968,0.104134429,,,
chicago,chicago,7,,,,,,1000,0.007,2.227875627,-0.285029913,,,
charity,chariti,7,,,,,,1000,0.007,-0.510408628,0.170084673,,,
billionaire,billionair,7,,,,,,1000,0.007,-0.575754926,0.099462896,,,
beating,beat,7,,,,,,1000,0.007,-0.537371094,0.560804348,,,
washington,washington,6,,,,,,1000,0.006,2.127708605,-0.169460483,,,
warns,warn,6,,,,,,1000,0.006,-0.382670467,-0.53516615,,,
sydney,sydney,6,,,,,,1000,0.006,2.095441678,-0.185152163,,,
state's,state,6,,,,,,1000,0.006,-0.407702658,-0.496442211,,,
sox,sox,6,,,,,,1000,0.006,1.339310044,0.334251962,,,
scientific,scientif,6,,,,,,1000,0.006,-0.413467091,-0.449783012,,,
revenue,revenu,6,,,,,,1000,0.006,-0.7641695,-0.896135405,,,
regulator,regul,6,,,,,,1000,0.006,-0.550042458,-0.462657743,,,
outlets,outlet,6,,,,,,1000,0.006,-0.583671714,-0.467335496,,,
offense,offens,6,,,,,,1000,0.006,-0.650832969,1.031354325,,,
newswire,newswir,6,,,,,,1000,0.006,-0.076431152,-0.605448975,,,
monitoring,monitor,6,,,,,,1000,0.006,-0.675158791,-0.722506568,,,
ministry,ministri,6,,,,,,1000,0.006,-0.623890607,-0.085559671,,,
john,john,6,,,,,,1000,0.006,1.585004535,0.283140771,,,
joe,joe,6,,,,,,1000,0.006,1.519021266,0.238316629,,,
jersey,jersey,6,,,,,,1000,0.006,-0.136162608,0.87823724,,,
investments,invest,6,,,,,,1000,0.006,-0.830364099,-0.767939102,,,
innovations,innov,6,,,,,,1000,0.006,-0.611914444,-1.0137077,,,
iconic,icon,6,,,,,,1000,0.006,-0.625832061,-0.138610082,,,
getty,getti,6,,,,,,1000,0.006,0.193236088,0.122957909,,,
facebook,facebook,6,,,,,,1000,0.006,0.77511882,0.15043839,,,
education,educ,6,,,,,,1000,0.006,-0.480943798,-0.101048808,,,
economic,econom,6,,,,,,1000,0.006,-0.614221405,-0.389866834,,,
donations,donat,6,,,,,,1000,0.006,-0.824749012,0.040887209,,,
donald,donald,6,,,,,,1000,0.006,1.301509222,0.343235042,,,
dijk,dijk,6,,,,,,1000,0.006,,,,,
cruise,cruis,6,,,,,,1000,0.006,-0.414282335,0.075912756,,,
constitution,constitut,6,,,,,,1000,0.006,-0.40788111,0.483086315,,,
complaint,complaint,6,,,,,,1000,0.006,-0.720270843,0.104185875,,,
ap,ap,6,,,,,,1000,0.006,1.269018127,-0.035487077,,,
announces,announc,6,,,,,,1000,0.006,-0.214223426,-1.038802805,,,
amazon,amazon,6,,,,,,1000,0.006,1.409132672,-0.217893339,,,
airline,airlin,6,,,,,,1000,0.006,-0.644659654,-0.018372107,,,
agreement,agreement,6,,,,,,1000,0.006,-0.887913528,-0.464936029,,,
zone,zone,5,,,,,,1000,0.005,-0.487779751,0.248398112,,,
women's,women,5,,,,,,1000,0.005,0.393935006,0.093830746,,,
welcomed,welcom,5,,,,,,1000,0.005,-0.826337872,-0.227801508,,,
virgil,virgil,5,,,,,,1000,0.005,,,,,
university,univers,5,,,,,,1000,0.005,-0.526635851,0.13951121,,,
tumor,tumor,5,,,,,,1000,0.005,-0.444502075,0.450675584,,,
transport,transport,5,,,,,,1000,0.005,-0.400454682,-0.259779452,,,
thanksgiving,thanksgiv,5,,,,,,1000,0.005,0.0683062,0.599876686,,,
territories,territori,5,,,,,,1000,0.005,-0.476286571,-0.744756111,,,
technologies,technolog,5,,,,,,1000,0.005,-0.565581684,-1.072533956,,,
taxes,tax,5,,,,,,1000,0.005,-0.501926715,-0.053221996,,,
struggled,struggl,5,,,,,,1000,0.005,-0.897658489,0.223857469,,,
spark,spark,5,,,,,,1000,0.005,-0.762825678,0.177375586,,,
senate,senat,5,,,,,,1000,0.005,-0.155814867,0.416631985,,,
san,san,5,,,,,,1000,0.005,1.030968099,-0.078864229,,,
ryan,ryan,5,,,,,,1000,0.005,2.38881657,0.271796395,,,
roosevelt,roosevelt,5,,,,,,1000,0.005,0.406007108,-0.050622429,,,
reuters,reuter,5,,,,,,1000,0.005,1.07453022,-0.161292781,,,
rescue,rescu,5,,,,,,1000,0.005,-0.438257215,0.217080177,,,
reporting,report,5,,,,,,1000,0.005,-0.509452813,-0.540007005,,,
releases,releas,5,,,,,,1000,0.005,-0.308648955,-0.872330621,,,
portfolio,portfolio,5,,,,,,1000,0.005,-0.67672931,-0.853410233,,,
partners,partner,5,,,,,,1000,0.005,-0.774760886,-0.779253563,,,
options,option,5,,,,,,1000,0.005,-0.545030294,-0.52691581,,,
northern,northern,5,,,,,,1000,0.005,-0.468868865,0.016705221,,,
newtek,newtek,5,,,,,,1000,0.005,,,,,
newcastle,newcastl,5,,,,,,1000,0.005,1.865683886,0.294918224,,,
michigan,michigan,5,,,,,,1000,0.005,2.178827977,-0.343045319,,,
manila,manila,5,,,,,,1000,0.005,0.561427746,0.112925342,,,
investigating,investig,5,,,,,,1000,0.005,-0.756697202,-0.035358615,,,
introduce,introduc,5,,,,,,1000,0.005,-0.699760159,-0.762850268,,,
inquiry,inquiri,5,,,,,,1000,0.005,-0.844467949,0.0919041,,,
hotel,hotel,5,,,,,,1000,0.005,-0.507180874,0.139777723,,,
highlight,highlight,5,,,,,,1000,0.005,-0.654767366,-0.410374227,,,
globe,globe,5,,,,,,1000,0.005,-0.398982355,-0.729397699,,,
german,german,5,,,,,,1000,0.005,1.784832892,-0.539026502,,,
fox,fox,5,,,,,,1000,0.005,0.212532994,0.62490984,,,
families,famili,5,,,,,,1000,0.005,-0.740644391,0.039192656,,,
fake,fake,5,,,,,,1000,0.005,-0.155363585,0.132863683,,,
entrepreneurs,entrepreneur,5,,,,,,1000,0.005,-0.675485019,-0.290452987,,,
english,english,5,,,,,,1000,0.005,1.4908486,-0.071242387,,,
emperor,emperor,5,,,,,,1000,0.005,0.011297846,0.640162696,,,
district,district,5,,,,,,1000,0.005,-0.55506996,0.374201492,,,
disney,disney,5,,,,,,1000,0.005,1.731374378,-0.163737297,,,
discovered,discov,5,,,,,,1000,0.005,-0.470596736,-0.201407411,,,
de,de,5,,,,,,1000,0.005,0.404962253,-0.234217225,,,
crisis,crisi,5,,,,,,1000,0.005,-0.62426747,-0.125823872,,,
crime,crime,5,,,,,,1000,0.005,-0.388066617,0.439927066,,,
country's,countri,5,,,,,,1000,0.005,0.264803341,-0.429816538,,,
corridor,corridor,5,,,,,,1000,0.005,-0.623157539,0.033047823,,,
company's,compani,5,,,,,,1000,0.005,-0.020016546,-0.798644345,,,
commitment,commit,5,,,,,,1000,0.005,-0.81326275,-0.566002958,,,
commission,commiss,5,,,,,,1000,0.005,-0.668705783,-0.037386902,,,
college,colleg,5,,,,,,1000,0.005,-0.337543211,0.328750468,,,
clash,clash,5,,,,,,1000,0.005,-0.681617379,0.599906003,,,
challenges,challeng,5,,,,,,1000,0.005,-0.899565017,-0.518459212,,,
caribbean,caribbean,5,,,,,,1000,0.005,1.330246781,-0.385670354,,,
campaign,campaign,5,,,,,,1000,0.005,-0.724458274,0.049941222,,,
cab,cab,5,,,,,,1000,0.005,-0.241214557,0.349482698,,,
bushfires,bushfir,5,,,,,,1000,0.005,-0.308129843,0.45503922,,,
boston,boston,5,,,,,,1000,0.005,2.153211737,-0.24432131,,,
biden,biden,5,,,,,,1000,0.005,1.256895867,0.328850389,,,
ban,ban,5,,,,,,1000,0.005,-0.604639838,-0.011159425,,,
ayodhya,ayodhya,5,,,,,,1000,0.005,,,,,
assembly,assembl,5,,,,,,1000,0.005,-0.495990688,-0.020727382,,,
angeles,angel,5,,,,,,1000,0.005,0.524791871,-0.032034282,,,
anfield,anfield,5,,,,,,1000,0.005,0.85184553,0.414664531,,,
andrew,andrew,5,,,,,,1000,0.005,2.223881818,-0.05065762,,,
afp,afp,5,,,,,,1000,0.005,0.768417435,0.069853446,,,
acres,acr,5,,,,,,1000,0.005,-0.741655335,0.364389263,,,
youtube's,youtub,4,,,,,,1000,0.004,,,,,
year's,year,4,,,,,,1000,0.004,-0.646681183,-0.144351647,,,
world's,world,4,,,,,,1000,0.004,-0.293816665,-0.418516717,,,
william,william,4,,,,,,1000,0.004,2.264516309,-0.128147637,,,
wars,war,4,,,,,,1000,0.004,-0.112713699,-0.083901128,,,
verdict,verdict,4,,,,,,1000,0.004,-0.70697199,0.459502541,,,
vaping,vape,4,,,,,,1000,0.004,-0.258411608,-0.285372741,,,
unveiled,unveil,4,,,,,,1000,0.004,-0.658082475,-0.72961675,,,
twitter,twitter,4,,,,,,1000,0.004,0.685233193,0.077545747,,,
toronto,toronto,4,,,,,,1000,0.004,1.888630415,-0.20106334,,,
tom,tom,4,,,,,,1000,0.004,1.212627432,0.389226425,,,
tokyo,tokyo,4,,,,,,1000,0.004,1.424445599,-0.38380254,,,
ties,tie,4,,,,,,1000,0.004,-0.728330048,-0.147170713,,,
thomas,thoma,4,,,,,,1000,0.004,2.134959356,0.223588834,,,
terminal,termin,4,,,,,,1000,0.004,-0.463474862,-0.155113908,,,
tennessee,tennesse,4,,,,,,1000,0.004,1.766223799,-0.2583543,,,
targets,target,4,,,,,,1000,0.004,-0.725617179,-0.569493263,,,
supporters,support,4,,,,,,1000,0.004,-0.635440355,0.481797546,,,
streaming,stream,4,,,,,,1000,0.004,-0.131203021,-0.4767715,,,
socialists,socialist,4,,,,,,1000,0.004,0.055935581,0.426661131,,,
singh,singh,4,,,,,,1000,0.004,1.607484101,0.126623224,,,
shiv,shiv,4,,,,,,1000,0.004,0.300066026,0.633908915,,,
sena,sena,4,,,,,,1000,0.004,0.985912369,0.636342523,,,
scored,score,4,,,,,,1000,0.004,-0.78642985,0.979550931,,,
scientists,scientist,4,,,,,,1000,0.004,-0.600746614,-0.157840502,,,
rs,rs,4,,,,,,1000,0.004,1.287403438,-0.025572187,,,
rouge,roug,4,,,,,,1000,0.004,0.415486953,0.12353141,,,
robert,robert,4,,,,,,1000,0.004,2.285553061,0.091315477,,,
rivals,rival,4,,,,,,1000,0.004,-0.647437972,0.109698273,,,
risks,risk,4,,,,,,1000,0.004,-0.655983891,-0.645121938,,,
relegates,releg,4,,,,,,1000,0.004,-0.078034366,-0.283934139,,,
reforms,reform,4,,,,,,1000,0.004,-0.79401362,-0.144382845,,,
rainfall,rainfal,4,,,,,,1000,0.004,-0.725868948,0.688194787,,,
programme,programm,4,,,,,,1000,0.004,,,,,
proceedings,proceed,4,,,,,,1000,0.004,-0.603361352,0.134195472,,,
pittsburgh,pittsburgh,4,,,,,,1000,0.004,1.501048935,-0.042632797,,,
pilgrims,pilgrim,4,,,,,,1000,0.004,-0.461825957,0.543202521,,,
pesticide,pesticid,4,,,,,,1000,0.004,-0.522200064,0.194571755,,,
partnership,partnership,4,,,,,,1000,0.004,-0.87924332,-0.753390607,,,
organisations,organis,4,,,,,,1000,0.004,,,,,
opinion,opinion,4,,,,,,1000,0.004,-0.334517801,0.026760582,,,
ohio,ohio,4,,,,,,1000,0.004,2.251147204,-0.382265699,,,
offender,offend,4,,,,,,1000,0.004,-0.425246379,0.551968569,,,
nsw,nsw,4,,,,,,1000,0.004,1.014889323,0.063798842,,,
nomination,nomin,4,,,,,,1000,0.004,-0.81774981,0.414433052,,,
newton,newton,4,,,,,,1000,0.004,1.199190412,0.260144386,,,
newsom,newsom,4,,,,,,1000,0.004,,,,,
nevada,nevada,4,,,,,,1000,0.004,1.297916942,-0.328361668,,,
nbc,nbc,4,,,,,,1000,0.004,2.030041177,-0.264649978,,,
nasdaq,nasdaq,4,,,,,,1000,0.004,0.303317348,-1.005782695,,,
modi,modi,4,,,,,,1000,0.004,1.207141689,0.038770896,,,
martin,martin,4,,,,,,1000,0.004,1.569001783,0.039420268,,,
margin,margin,4,,,,,,1000,0.004,-0.683795445,-0.042783781,,,
managing,manag,4,,,,,,1000,0.004,-0.766583948,-0.505518658,,,
links,link,4,,,,,,1000,0.004,-0.245237117,-0.617770019,,,
kelly,kelli,4,,,,,,1000,0.004,1.857233075,0.273347967,,,
japan,japan,4,,,,,,1000,0.004,1.996655459,-0.554954827,,,
iran,iran,4,,,,,,1000,0.004,1.742135432,-0.136803464,,,
integrated,integr,4,,,,,,1000,0.004,-0.497229685,-1.065394361,,,
institute,institut,4,,,,,,1000,0.004,-0.629848647,-0.300278858,,,
instagram,instagram,4,,,,,,1000,0.004,,,,,
insisting,insist,4,,,,,,1000,0.004,-0.531456177,0.007220032,,,
injuries,injuri,4,,,,,,1000,0.004,-0.65037616,0.68946866,,,
indian,indian,4,,,,,,1000,0.004,1.747589757,-0.284159761,,,
immunotherapy,immunotherapi,4,,,,,,1000,0.004,-0.759161041,-0.03256408,,,
hospitals,hospit,4,,,,,,1000,0.004,-0.701440255,-0.088624301,,,
holiday,holiday,4,,,,,,1000,0.004,-0.585495051,-0.013885101,,,
haley,haley,4,,,,,,1000,0.004,0.881749512,0.250634479,,,
greenland,greenland,4,,,,,,1000,0.004,-0.120917274,-0.078727879,,,
gap,gap,4,,,,,,1000,0.004,-0.678250445,0.024445606,,,
freedom,freedom,4,,,,,,1000,0.004,-0.363114302,0.059938443,,,
fraud,fraud,4,,,,,,1000,0.004,-0.470569674,-0.211158137,,,
founders,founder,4,,,,,,1000,0.004,-0.732676217,-0.433148951,,,
footage,footag,4,,,,,,1000,0.004,-0.465970133,0.077602284,,,
firefighters,firefight,4,,,,,,1000,0.004,-0.756110302,0.652447229,,,
filmed,film,4,,,,,,1000,0.004,-0.733999422,0.100409664,,,
fest,fest,4,,,,,,1000,0.004,-0.085396882,0.264125746,,,
facility,facil,4,,,,,,1000,0.004,-0.750190428,-0.34507359,,,
explorer,explor,4,,,,,,1000,0.004,-0.117661208,0.059517719,,,
european,european,4,,,,,,1000,0.004,1.665599961,-0.587902016,,,
dominic,domin,4,,,,,,1000,0.004,0.524730614,0.082243202,,,
documentary,documentari,4,,,,,,1000,0.004,-0.738888526,0.136001978,,,
dismissed,dismiss,4,,,,,,1000,0.004,-0.81733692,0.318553386,,,
devils,devil,4,,,,,,1000,0.004,0.251629356,0.406210359,,,
detained,detain,4,,,,,,1000,0.004,-0.734736521,0.525662679,,,
debt,debt,4,,,,,,1000,0.004,-0.672622424,-0.169351883,,,
dallas,dalla,4,,,,,,1000,0.004,2.158141438,-0.240308875,,,
convicted,convict,4,,,,,,1000,0.004,-0.78479353,0.840172377,,,
consumers,consum,4,,,,,,1000,0.004,-0.69672082,-0.759729022,,,
channel,channel,4,,,,,,1000,0.004,-0.365698777,-0.570341322,,,
ceremony,ceremoni,4,,,,,,1000,0.004,-0.7025486,0.293620747,,,
cebu,cebu,4,,,,,,1000,0.004,0.041633917,-0.088769113,,,
carrie,carri,4,,,,,,1000,0.004,1.31098584,0.283099363,,,
cape,cape,4,,,,,,1000,0.004,0.158131602,0.606587662,,,
calif,calif,4,,,,,,1000,0.004,0.328499955,0.328345785,,,
cagr,cagr,4,,,,,,1000,0.004,,,,,
bristol,bristol,4,,,,,,1000,0.004,1.229622283,0.05893384,,,
bolivia,bolivia,4,,,,,,1000,0.004,,,,,
berths,berth,4,,,,,,1000,0.004,-0.81482265,0.477415835,,,
baton,baton,4,,,,,,1000,0.004,-0.794835047,0.677601351,,,
assets,asset,4,,,,,,1000,0.004,-0.767750518,-0.458970213,,,
arrests,arrest,4,,,,,,1000,0.004,-0.745871915,0.475697906,,,
army,armi,4,,,,,,1000,0.004,-0.300930689,0.572878705,,,
airport,airport,4,,,,,,1000,0.004,-0.629670981,0.376470188,,,
aircraft,aircraft,4,,,,,,1000,0.004,-0.704214191,0.04564468,,,
agriculture,agricultur,4,,,,,,1000,0.004,-0.544700756,-0.059725238,,,
adviser,advis,4,,,,,,1000,0.004,-0.899495788,-0.058656706,,,
administration's,administr,4,,,,,,1000,0.004,-0.622883801,-0.066387775,,,
accuse,accus,4,,,,,,1000,0.004,-0.662782808,0.21193519,,,
academy,academi,4,,,,,,1000,0.004,-0.694862294,0.341633761,,,
01-Mar,01-Mar,4,,,,,,1000,0.004,,,,,
yorkshire,yorkshir,3,,,,,,1000,0.003,0.630309181,-0.014310366,,,
yemen,yemen,3,,,,,,1000,0.003,0.530297474,-0.102012753,,,
yankees,yanke,3,,,,,,1000,0.003,1.51160791,0.548109663,,,
worsened,worsen,3,,,,,,1000,0.003,-0.687116323,-0.196288285,,,
withdraw,withdraw,3,,,,,,1000,0.003,-0.748798756,-0.065937245,,,
whistleblower,whistleblow,3,,,,,,1000,0.003,-0.572767212,0.051137416,,,
western,western,3,,,,,,1000,0.003,-0.367173269,-0.103756991,,,
week's,week,3,,,,,,1000,0.003,-0.723496805,-0.022950606,,,
warriors,warrior,3,,,,,,1000,0.003,-0.13820234,0.284307775,,,
warren,warren,3,,,,,,1000,0.003,0.143869671,0.149467078,,,
vitamin,vitamin,3,,,,,,1000,0.003,-0.201411763,-0.068870332,,,
violent,violent,3,,,,,,1000,0.003,-0.564340689,0.389311103,,,
vietnam,vietnam,3,,,,,,1000,0.003,1.351140844,0.021269706,,,
victims,victim,3,,,,,,1000,0.003,-0.663503594,0.428849548,,,
users,user,3,,,,,,1000,0.003,-0.332343671,-0.756199263,,,
unprecedented,unpreced,3,,,,,,1000,0.003,-0.830268287,-0.470050092,,,
unemployment,unemploy,3,,,,,,1000,0.003,-0.663826625,0.319642794,,,
undermining,undermin,3,,,,,,1000,0.003,-0.595364612,-0.403158046,,,
ukraine,ukrain,3,,,,,,1000,0.003,0.620413225,-0.193891753,,,
uk,uk,3,,,,,,1000,0.003,1.911373787,-0.880371566,,,
tyler,tyler,3,,,,,,1000,0.003,1.435335496,0.326354255,,,
transcript,transcript,3,,,,,,1000,0.003,-0.403212073,0.122068463,,,
titans,titan,3,,,,,,1000,0.003,-0.310865155,-0.10387279,,,
therapy,therapi,3,,,,,,1000,0.003,-0.475772508,-0.135407491,,,
therapeutics,therapeut,3,,,,,,1000,0.003,-0.492969316,-0.551248272,,,
teammates,teammat,3,,,,,,1000,0.003,-0.712480888,1.152826726,,,
taylor,taylor,3,,,,,,1000,0.003,1.806718422,0.05952247,,,
sustainability,sustain,3,,,,,,1000,0.003,-0.725074386,-0.685380679,,,
subway,subway,3,,,,,,1000,0.003,-0.341952301,0.320206662,,,
subsidies,subsidi,3,,,,,,1000,0.003,-0.693169328,-0.41256161,,,
submit,submit,3,,,,,,1000,0.003,-0.558593791,-0.559868525,,,
students,student,3,,,,,,1000,0.003,-0.764440047,0.308226308,,,
stephanie,stephani,3,,,,,,1000,0.003,1.367314365,0.231647211,,,
state-of-the-art,state-of-the-art,3,,,,,,1000,0.003,,,,,
spain,spain,3,,,,,,1000,0.003,1.9395419,-0.252331138,,,
situated,situat,3,,,,,,1000,0.003,-0.338670721,-0.180225981,,,
sint,sint,3,,,,,,1000,0.003,-0.033356831,0.209502002,,,
singer,singer,3,,,,,,1000,0.003,-0.408643317,0.716237407,,,
significantly,signific,3,,,,,,1000,0.003,-0.563151213,-0.674379392,,,
sheriffs,sheriff,3,,,,,,1000,0.003,-0.149341761,0.581206052,,,
sector,sector,3,,,,,,1000,0.003,-0.554040277,-0.747026585,,,
script,script,3,,,,,,1000,0.003,-0.463834782,0.444134446,,,
screens,screen,3,,,,,,1000,0.003,-0.46117935,-0.357357783,,,
scng,scng,3,,,,,,1000,0.003,,,,,
sawant,sawant,3,,,,,,1000,0.003,,,,,
satellites,satellit,3,,,,,,1000,0.003,-0.608637573,-0.244052305,,,
santa,santa,3,,,,,,1000,0.003,1.416728736,0.181564316,,,
sanctuary,sanctuari,3,,,,,,1000,0.003,-0.492681731,0.547693222,,,
russia,russia,3,,,,,,1000,0.003,1.848699834,-0.308000815,,,
rousseau,rousseau,3,,,,,,1000,0.003,,,,,
rome,rome,3,,,,,,1000,0.003,1.464016425,0.101587733,,,
rolle,roll,3,,,,,,1000,0.003,0.078526003,0.14961752,,,
rfa,rfa,3,,,,,,1000,0.003,,,,,
resolutions,resolut,3,,,,,,1000,0.003,-0.472344826,-0.283050238,,,
residences,resid,3,,,,,,1000,0.003,-0.738159054,0.056506384,,,
renewed,renew,3,,,,,,1000,0.003,-0.819965289,-0.425054371,,,
reminds,remind,3,,,,,,1000,0.003,-0.301841082,-0.082927327,,,
rema,rema,3,,,,,,1000,0.003,0.02413609,-0.152450922,,,
relatable,relat,3,,,,,,1000,0.003,-0.668832525,0.152325118,,,
recruitment,recruit,3,,,,,,1000,0.003,-0.506667328,-0.357138176,,,
rebuild,rebuild,3,,,,,,1000,0.003,-0.714375954,-0.067349488,,,
raping,rape,3,,,,,,1000,0.003,-0.605794126,0.874177463,,,
ramsay,ramsay,3,,,,,,1000,0.003,,,,,
rally,ralli,3,,,,,,1000,0.003,-0.647661231,0.521859518,,,
raging,rage,3,,,,,,1000,0.003,-0.212170936,0.193169995,,,
quote,quot,3,,,,,,1000,0.003,0.018968011,-0.01889376,,,
queen,queen,3,,,,,,1000,0.003,-0.009001296,0.645569124,,,
progressive,progress,3,,,,,,1000,0.003,-0.313152794,-0.357075759,,,
privilege,privileg,3,,,,,,1000,0.003,-0.552350977,0.084448494,,,
princess,princess,3,,,,,,1000,0.003,-0.122028496,0.721071449,,,
predicted,predict,3,,,,,,1000,0.003,-0.6423815,-0.240980659,,,
pledges,pledg,3,,,,,,1000,0.003,-0.732098586,-0.207436786,,,
playoffs,playoff,3,,,,,,1000,0.003,-0.683928058,1.159364802,,,
personalities,person,3,,,,,,1000,0.003,-0.62541539,0.194160081,,,
performing,perform,3,,,,,,1000,0.003,-0.557247599,-0.274620183,,,
pension,pension,3,,,,,,1000,0.003,-0.770154404,0.173007088,,,
penguins,penguin,3,,,,,,1000,0.003,-0.141156398,0.445842334,,,
patrick,patrick,3,,,,,,1000,0.003,1.94958031,0.22250804,,,
pakistan,pakistan,3,,,,,,1000,0.003,1.788414752,-0.190303716,,,
packages,packag,3,,,,,,1000,0.003,-0.43646796,-0.620661336,,,
owner-operators,owner-oper,3,,,,,,1000,0.003,,,,,
osaka,osaka,3,,,,,,1000,0.003,,,,,
organizing,organ,3,,,,,,1000,0.003,-0.598995709,-0.193791665,,,
opeifa's,opeifa,3,,,,,,1000,0.003,,,,,
olfactory,olfactori,3,,,,,,1000,0.003,-0.178466735,0.096650814,,,
oklahoma,oklahoma,3,,,,,,1000,0.003,1.643891568,-0.356168893,,,
odisha,odisha,3,,,,,,1000,0.003,,,,,
nyse,nyse,3,,,,,,1000,0.003,-0.424968356,-0.878003819,,,
nuclear,nuclear,3,,,,,,1000,0.003,-0.46699103,0.087034083,,,
npa,npa,3,,,,,,1000,0.003,,,,,
nigerian,nigerian,3,,,,,,1000,0.003,1.565412702,0.065810543,,,
nick,nick,3,,,,,,1000,0.003,0.253237426,0.480071616,,,
nhl,nhl,3,,,,,,1000,0.003,1.610611438,-0.111473814,,,
netflix,netflix,3,,,,,,1000,0.003,1.182014867,-0.270992191,,,
negotiating,negoti,3,,,,,,1000,0.003,-0.984486382,-0.254936151,,,
nashville,nashvill,3,,,,,,1000,0.003,1.386104753,-0.338642447,,,
narendra,narendra,3,,,,,,1000,0.003,,,,,
nanak,nanak,3,,,,,,1000,0.003,,,,,
mumbai,mumbai,3,,,,,,1000,0.003,1.759947212,-0.210045639,,,
msa,msa,3,,,,,,1000,0.003,,,,,
mp,mp,3,,,,,,1000,0.003,1.541002432,0.010116756,,,
motivated,motiv,3,,,,,,1000,0.003,-0.625754943,-0.009109525,,,
monetary,monetari,3,,,,,,1000,0.003,-0.438532286,-0.156213838,,,
models,model,3,,,,,,1000,0.003,-0.409201366,-0.578438421,,,
mike,mike,3,,,,,,1000,0.003,0.37240053,0.633850821,,,
midst,midst,3,,,,,,1000,0.003,-0.742787014,-0.139392094,,,
men's,men,3,,,,,,1000,0.003,0.376416407,0.215648437,,,
memphis,memphi,3,,,,,,1000,0.003,1.429774137,0.165302471,,,
md,md,3,,,,,,1000,0.003,0.453011114,-0.405809938,,,
matthews,matthew,3,,,,,,1000,0.003,0.89281057,0.232299116,,,
mattel,mattel,3,,,,,,1000,0.003,,,,,
massachusetts,massachusett,3,,,,,,1000,0.003,1.427094171,-0.367604164,,,
mask,mask,3,,,,,,1000,0.003,-0.180023363,0.102745541,,,
malpractice,malpractic,3,,,,,,1000,0.003,-0.271410538,0.280631624,,,
maloney,maloney,3,,,,,,1000,0.003,,,,,
maine,main,3,,,,,,1000,0.003,1.402051691,-0.131286947,,,
madrid,madrid,3,,,,,,1000,0.003,1.89575343,0.535600975,,,
maarten,maarten,3,,,,,,1000,0.003,,,,,
lovely,love,3,,,,,,1000,0.003,0.11178534,0.389216396,,,
louisiana,louisiana,3,,,,,,1000,0.003,1.498204345,-0.248506916,,,
live-action,live-act,3,,,,,,1000,0.003,,,,,
limiting,limit,3,,,,,,1000,0.003,-0.66642432,-0.356886795,,,
licensing,licens,3,,,,,,1000,0.003,-0.470442404,-0.959371039,,,
lego,lego,3,,,,,,1000,0.003,0.788146441,0.047188575,,,
legacy,legaci,3,,,,,,1000,0.003,-0.693104865,-0.17766116,,,
lebanon's,lebanon,3,,,,,,1000,0.003,,,,,
leap,leap,3,,,,,,1000,0.003,-0.429062453,-0.112853554,,,
lawsuit,lawsuit,3,,,,,,1000,0.003,-0.812715322,-0.036410352,,,
landstar,landstar,3,,,,,,1000,0.003,,,,,
labuan,labuan,3,,,,,,1000,0.003,,,,,
labor,labor,3,,,,,,1000,0.003,-0.458234348,-0.069432094,,,
lab,lab,3,,,,,,1000,0.003,-0.589958081,-0.251709131,,,
korea,korea,3,,,,,,1000,0.003,1.51642099,-0.293330538,,,
knicks,knick,3,,,,,,1000,0.003,1.324927621,0.440337015,,,
km,km,3,,,,,,1000,0.003,-0.148130767,0.137484574,,,
klopp,klopp,3,,,,,,1000,0.003,,,,,
keyboard,keyboard,3,,,,,,1000,0.003,0.013258242,0.111311131,,,
kardashian,kardashian,3,,,,,,1000,0.003,0.306369121,0.110527076,,,
kaiser,kaiser,3,,,,,,1000,0.003,0.734916903,0.444302539,,,
journalism,journal,3,,,,,,1000,0.003,-0.318152576,0.206243048,,,
joining,join,3,,,,,,1000,0.003,-0.636166971,-0.313852266,,,
jimmy,jimmi,3,,,,,,1000,0.003,1.334116606,0.349674496,,,
jetty,jetti,3,,,,,,1000,0.003,-0.210639392,0.546880165,,,
jets,jet,3,,,,,,1000,0.003,-0.607704533,0.131883757,,,
jerusalem,jerusalem,3,,,,,,1000,0.003,0.439777905,0.158035393,,,
james,jame,3,,,,,,1000,0.003,2.113295083,0.334545404,,,
jakarta,jakarta,3,,,,,,1000,0.003,0.745424122,0.027566909,,,
irrigation,irrig,3,,,,,,1000,0.003,-0.517204624,0.254643734,,,
iowa,iowa,3,,,,,,1000,0.003,1.681498783,-0.188466566,,,
internet,internet,3,,,,,,1000,0.003,0.067192661,-0.517019269,,,
intelligence,intellig,3,,,,,,1000,0.003,-0.647242524,-0.075995528,,,
inspire,inspir,3,,,,,,1000,0.003,-0.638253858,-0.201010166,,,
infrastructure,infrastructur,3,,,,,,1000,0.003,-0.677984226,-0.614921908,,,
induction,induct,3,,,,,,1000,0.003,-0.576451087,-0.141534538,,,
incorporated,incorpor,3,,,,,,1000,0.003,-0.548396802,-0.875171431,,,
hub,hub,3,,,,,,1000,0.003,-0.577360486,-0.556696669,,,
honour,honour,3,,,,,,1000,0.003,,,,,
homeless,homeless,3,,,,,,1000,0.003,-0.485291073,0.734130866,,,
henry,henri,3,,,,,,1000,0.003,2.007402457,0.192513931,,,
hearings,hear,3,,,,,,1000,0.003,-0.911652887,0.062848198,,,
headquartered,headquart,3,,,,,,1000,0.003,-0.961554534,-1.121960336,,,
hat-trick,hat-trick,3,,,,,,1000,0.003,-0.110618185,1.033384858,,,
halle,hall,3,,,,,,1000,0.003,0.527626667,0.121415283,,,
guardiola's,guardiola,3,,,,,,1000,0.003,,,,,
gordon,gordon,3,,,,,,1000,0.003,1.740107183,0.45207159,,,
girlfriend,girlfriend,3,,,,,,1000,0.003,-0.178057825,0.906253023,,,
freed,freed,3,,,,,,1000,0.003,-0.745798228,0.39562754,,,
france,franc,3,,,,,,1000,0.003,1.904192834,-0.323834803,,,
forbes,forb,3,,,,,,1000,0.003,0.811685368,-0.120463809,,,
followers,follow,3,,,,,,1000,0.003,-0.295206949,0.369074551,,,
flynn,flynn,3,,,,,,1000,0.003,,,,,
flemish,flemish,3,,,,,,1000,0.003,,,,,
fitbit's,fitbit,3,,,,,,1000,0.003,,,,,
finals,final,3,,,,,,1000,0.003,-0.69476456,0.908937049,,,
fernando,fernando,3,,,,,,1000,0.003,0.548268599,0.192424558,,,
farfetch,farfetch,3,,,,,,1000,0.003,,,,,
famed,fame,3,,,,,,1000,0.003,-0.393937748,0.0393137,,,
executed,execut,3,,,,,,1000,0.003,-0.452962218,-0.043873856,,,
enhance,enhanc,3,,,,,,1000,0.003,-0.688878629,-1.039249088,,,
england,england,3,,,,,,1000,0.003,2.198215653,-0.024271092,,,
economy,economi,3,,,,,,1000,0.003,-0.652768734,-0.236304172,,,
eco,eco,3,,,,,,1000,0.003,-0.22432636,-0.484552491,,,
drives,drive,3,,,,,,1000,0.003,-0.472957555,-0.228400319,,,
dragon,dragon,3,,,,,,1000,0.003,0.200464846,0.403000496,,,
dozens,dozen,3,,,,,,1000,0.003,-0.592019586,-0.241439051,,,
dorian,dorian,3,,,,,,1000,0.003,,,,,
dora,dora,3,,,,,,1000,0.003,0.755030065,0.121295216,,,
discussing,discuss,3,,,,,,1000,0.003,-0.733879855,-0.427207667,,,
derrick,derrick,3,,,,,,1000,0.003,0.067357383,0.447284667,,,
demonstrations,demonstr,3,,,,,,1000,0.003,-0.607722911,-0.272047502,,,
delivering,deliv,3,,,,,,1000,0.003,-0.739597557,-0.672042714,,,
defeated,defeat,3,,,,,,1000,0.003,-0.773555088,0.862824753,,,
deep-primed,deep-prim,3,,,,,,1000,0.003,,,,,
deals,deal,3,,,,,,1000,0.003,-0.511005322,-0.583643731,,,
deadline,deadlin,3,,,,,,1000,0.003,-0.68756774,-0.047585607,,,
davao,davao,3,,,,,,1000,0.003,0.485185164,0.098438094,,,
daniel,daniel,3,,,,,,1000,0.003,1.744698238,0.145224865,,,
culprit,culprit,3,,,,,,1000,0.003,-0.40143053,0.26723055,,,
crane,crane,3,,,,,,1000,0.003,-0.417352721,0.26513054,,,
courier,courier,3,,,,,,1000,0.003,-0.457832994,-0.053419355,,,
correspondences,correspond,3,,,,,,1000,0.003,-0.631433364,-0.023135276,,,
cooperation,cooper,3,,,,,,1000,0.003,-0.800608218,-0.606187133,,,
controversial,controversi,3,,,,,,1000,0.003,-0.567178275,-0.072366841,,,
consultation,consult,3,,,,,,1000,0.003,-0.691478289,-0.549704986,,,
constituency,constitu,3,,,,,,1000,0.003,-0.449269429,0.444806712,,,
conner,conner,3,,,,,,1000,0.003,0.59028551,0.234505333,,,
communicated,communic,3,,,,,,1000,0.003,-0.538991618,-0.457147135,,,
cocaine,cocain,3,,,,,,1000,0.003,-0.382874274,0.612494024,,,
coastal,coastal,3,,,,,,1000,0.003,-0.404658484,0.096780638,,,
coaching,coach,3,,,,,,1000,0.003,-0.591385649,0.731693451,,,
climate,climat,3,,,,,,1000,0.003,-0.468186267,-0.370065855,,,
clients,client,3,,,,,,1000,0.003,-0.706245019,-0.644111163,,,
chris,chris,3,,,,,,1000,0.003,2.123094635,0.019723887,,,
chinese,chines,3,,,,,,1000,0.003,1.732790724,-0.361860889,,,
checkpoint,checkpoint,3,,,,,,1000,0.003,-0.687535584,0.326285533,,,
cancer,cancer,3,,,,,,1000,0.003,-0.586175809,0.177280512,,,
campus,campus,3,,,,,,1000,0.003,-0.672454861,0.056381986,,,
cabinet,cabinet,3,,,,,,1000,0.003,-0.417563465,0.135324536,,,
bulacan,bulacan,3,,,,,,1000,0.003,,,,,
brooks,brook,3,,,,,,1000,0.003,0.357024677,0.34017578,,,
breitbart,breitbart,3,,,,,,1000,0.003,,,,,
brand-new,brand-new,3,,,,,,1000,0.003,0.003620197,-0.209184372,,,
brain,brain,3,,,,,,1000,0.003,-0.317053629,0.206027442,,,
bpl's,bpl,3,,,,,,1000,0.003,,,,,
boris,bori,3,,,,,,1000,0.003,0.4491367,0.032838198,,,
bombers,bomber,3,,,,,,1000,0.003,-0.522235329,0.497021395,,,
bolivian,bolivian,3,,,,,,1000,0.003,,,,,
blazes,blaze,3,,,,,,1000,0.003,-0.785028614,0.688805294,,,
bjp,bjp,3,,,,,,1000,0.003,1.160123749,0.334663663,,,
berlin,berlin,3,,,,,,1000,0.003,1.37840029,-0.467481507,,,
bengaluru,bengaluru,3,,,,,,1000,0.003,,,,,
bengal,bengal,3,,,,,,1000,0.003,0.536133927,0.3651524,,,
belle,bell,3,,,,,,1000,0.003,0.371699723,0.52702973,,,
barcelona,barcelona,3,,,,,,1000,0.003,1.648861494,0.308480797,,,
banking,bank,3,,,,,,1000,0.003,-0.485344534,-0.319216356,,,
baltimore,baltimor,3,,,,,,1000,0.003,1.619056384,-0.104764905,,,
ballerini,ballerini,3,,,,,,1000,0.003,,,,,
bahamas,bahama,3,,,,,,1000,0.003,1.130382708,-0.074377206,,,
atp,atp,3,,,,,,1000,0.003,0.050672839,-0.089351249,,,
arena,arena,3,,,,,,1000,0.003,-0.51905921,-0.216070732,,,
app,app,3,,,,,,1000,0.003,-0.082758398,-0.591265895,,,
antigens,antigen,3,,,,,,1000,0.003,-0.551303075,-0.102278485,,,
animated,anim,3,,,,,,1000,0.003,-0.451289642,0.006318237,,,
ally,alli,3,,,,,,1000,0.003,-0.910573744,0.306348286,,,
allen's,allen,3,,,,,,1000,0.003,,,,,
airways,airway,3,,,,,,1000,0.003,-0.465065844,-0.02577395,,,
aims,aim,3,,,,,,1000,0.003,-0.580257039,-0.80272494,,,
adapt,adapt,3,,,,,,1000,0.003,-0.655575932,-0.515602455,,,
acquisition,acquisit,3,,,,,,1000,0.003,-0.766398492,-0.631713089,,,
abc,abc,3,,,,,,1000,0.003,1.297187681,-0.201706255,,,
abacos,abaco,3,,,,,,1000,0.003,,,,,
"15,000","15,000",3,,,,,,1000,0.003,,,,,
"10,000","10,000",3,,,,,,1000,0.003,,,,,
zach,zach,2,,,,,,1000,0.002,1.264131741,0.350719312,,,
youth,youth,2,,,,,,1000,0.002,-0.495588615,0.413767778,,,
yorker,yorker,2,,,,,,1000,0.002,0.308725303,0.993538774,,,
worldwide,worldwid,2,,,,,,1000,0.002,-0.456278772,-1.061176809,,,
wolfson,wolfson,2,,,,,,1000,0.002,,,,,
wireimage,wireimag,2,,,,,,1000,0.002,,,,,
wins,win,2,,,,,,1000,0.002,-0.593080851,0.363162144,,,
welfare,welfar,2,,,,,,1000,0.002,-0.383049079,0.234787846,,,
website,websit,2,,,,,,1000,0.002,-0.147281751,-0.717934409,,,
weapons,weapon,2,,,,,,1000,0.002,-0.698723803,0.358985446,,,
wealthy,wealthi,2,,,,,,1000,0.002,-0.633105884,0.116668239,,,
wasteful,wast,2,,,,,,1000,0.002,-0.385120026,0.029388707,,,
wary,wari,2,,,,,,1000,0.002,-0.780680715,-0.062661685,,,
vulnerable,vulner,2,,,,,,1000,0.002,-0.612381027,-0.181062973,,,
volunteering,volunt,2,,,,,,1000,0.002,-0.670487023,0.106634723,,,
visits,visit,2,,,,,,1000,0.002,-0.65289481,-0.087514284,,,
virtues,virtu,2,,,,,,1000,0.002,-0.320451953,-0.135612224,,,
violations,violat,2,,,,,,1000,0.002,-0.693873565,-0.170926484,,,
vindman,vindman,2,,,,,,1000,0.002,,,,,
vincent,vincent,2,,,,,,1000,0.002,1.163617461,0.247275035,,,
videos,video,2,,,,,,1000,0.002,-0.304410466,-0.41792937,,,
viable,viabl,2,,,,,,1000,0.002,-0.624912043,-0.576020499,,,
vermont,vermont,2,,,,,,1000,0.002,0.768933143,-0.156638999,,,
venue,venu,2,,,,,,1000,0.002,-0.614590124,0.125354455,,,
varieties,varieti,2,,,,,,1000,0.002,-0.471028605,-0.048081889,,,
values,valu,2,,,,,,1000,0.002,-0.563421002,-0.424289747,,,
va,va,2,,,,,,1000,0.002,1.504650868,-0.363939844,,,
utilization,util,2,,,,,,1000,0.002,-0.287333365,-0.829840436,,,
upset,upset,2,,,,,,1000,0.002,-0.695756032,0.615730408,,,
upgraded,upgrad,2,,,,,,1000,0.002,-0.428768574,-0.681160482,,,
upcoming,upcom,2,,,,,,1000,0.002,-0.58162253,-0.479400658,,,
uniforms,uniform,2,,,,,,1000,0.002,-0.472022755,0.289788921,,,
unicef,unicef,2,,,,,,1000,0.002,0.04231692,-0.268433108,,,
unesco,unesco,2,,,,,,1000,0.002,,,,,
unease,uneas,2,,,,,,1000,0.002,-0.950012205,-0.050231195,,,
underpass,underpass,2,,,,,,1000,0.002,-0.714804397,0.746380008,,,
unanimously,unanim,2,,,,,,1000,0.002,-0.692521103,-0.010408437,,,
ultimately,ultim,2,,,,,,1000,0.002,-0.615047529,-0.257741982,,,
ukrainians,ukrainian,2,,,,,,1000,0.002,,,,,
tyson,tyson,2,,,,,,1000,0.002,1.324893135,0.420491182,,,
twists,twist,2,,,,,,1000,0.002,-0.783914739,0.146425057,,,
tweeted,tweet,2,,,,,,1000,0.002,0.502071448,0.226262214,,,
turnaround,turnaround,2,,,,,,1000,0.002,-0.857732299,-0.196529317,,,
turkish,turkish,2,,,,,,1000,0.002,0.944368151,-0.106675101,,,
turkey,turkey,2,,,,,,1000,0.002,-0.108228746,0.298058668,,,
tucson's,tucson,2,,,,,,1000,0.002,,,,,
ttfa,ttfa,2,,,,,,1000,0.002,,,,,
tribune,tribun,2,,,,,,1000,0.002,0.418556563,0.553783993,,,
transparent,transpar,2,,,,,,1000,0.002,-0.425018588,-0.612969487,,,
transforming,transform,2,,,,,,1000,0.002,-0.701557871,-0.612678696,,,
transactions,transact,2,,,,,,1000,0.002,-0.768200052,-0.617740924,,,
trades,trade,2,,,,,,1000,0.002,-0.448924989,-0.348006434,,,
tracker,tracker,2,,,,,,1000,0.002,-0.037829726,-0.538937211,,,
tower,tower,2,,,,,,1000,0.002,-0.616803523,-0.018434891,,,
tourism,tourism,2,,,,,,1000,0.002,-0.537694409,-0.126647706,,,
torque,torqu,2,,,,,,1000,0.002,-0.191626934,0.177023815,,,
topical,topic,2,,,,,,1000,0.002,-0.393441228,-0.671140933,,,
ton,ton,2,,,,,,1000,0.002,0.012344829,0.085206355,,,
toilets,toilet,2,,,,,,1000,0.002,-0.410147682,0.380906463,,,
titles,titl,2,,,,,,1000,0.002,-0.567250998,0.025056103,,,
tim,tim,2,,,,,,1000,0.002,1.777422053,0.01892987,,,
tillerson,tillerson,2,,,,,,1000,0.002,,,,,
three-term,three-term,2,,,,,,1000,0.002,,,,,
thread,thread,2,,,,,,1000,0.002,0.197309569,-0.013029413,,,
thomson,thomson,2,,,,,,1000,0.002,0.952249459,-0.081804035,,,
theft,theft,2,,,,,,1000,0.002,-0.484809553,0.055814075,,,
texas,texa,2,,,,,,1000,0.002,2.087798862,-0.488560877,,,
tennis,tenni,2,,,,,,1000,0.002,-0.27393805,0.654662688,,,
tenn,tenn,2,,,,,,1000,0.002,0.538325401,0.227139209,,,
teacher,teacher,2,,,,,,1000,0.002,-0.530378553,0.745136956,,,
tasked,task,2,,,,,,1000,0.002,-0.741431911,-0.278061705,,,
taree,tare,2,,,,,,1000,0.002,,,,,
talks,talk,2,,,,,,1000,0.002,-0.778851446,-0.163951174,,,
takeover,takeov,2,,,,,,1000,0.002,-0.713563988,-0.305679766,,,
takeaways,takeaway,2,,,,,,1000,0.002,-0.585035531,-0.0354011,,,
tackle,tackl,2,,,,,,1000,0.002,-0.588000041,0.143943679,,,
syria,syria,2,,,,,,1000,0.002,1.096893892,0.065107569,,,
swathes,swath,2,,,,,,1000,0.002,-0.238313806,-0.155892972,,,
surveys,survey,2,,,,,,1000,0.002,-0.656378833,-0.640903827,,,
superintendent,superintend,2,,,,,,1000,0.002,-0.706280086,0.668702987,,,
sunrise,sunris,2,,,,,,1000,0.002,-0.19464584,0.187062399,,,
suny,suni,2,,,,,,1000,0.002,,,,,
subsequently,subsequ,2,,,,,,1000,0.002,-0.548216894,-0.24635323,,,
subscription,subscript,2,,,,,,1000,0.002,-0.454073693,-0.794944978,,,
stunned,stun,2,,,,,,1000,0.002,-0.79283519,0.461347764,,,
studies,studi,2,,,,,,1000,0.002,-0.598490891,-0.401531681,,,
striker,striker,2,,,,,,1000,0.002,-0.472010816,1.539816055,,,
stretching,stretch,2,,,,,,1000,0.002,-0.590474583,0.02488654,,,
strengthening,strengthen,2,,,,,,1000,0.002,-0.657068735,-0.787196854,,,
strategies,strategi,2,,,,,,1000,0.002,-0.594727721,-0.850967162,,,
straits,strait,2,,,,,,1000,0.002,-0.570856528,0.067858464,,,
stones,stone,2,,,,,,1000,0.002,-0.162949589,0.455636405,,,
stites,stite,2,,,,,,1000,0.002,,,,,
stevens,steven,2,,,,,,1000,0.002,0.988712585,0.510376044,,,
steve,steve,2,,,,,,1000,0.002,2.284179392,-0.023895801,,,
stamp,stamp,2,,,,,,1000,0.002,-0.533251786,-0.060426303,,,
stakes,stake,2,,,,,,1000,0.002,-0.793209872,-0.215894251,,,
stables,stabl,2,,,,,,1000,0.002,-0.396795766,0.295620519,,,
squeeze,squeez,2,,,,,,1000,0.002,-0.524681141,-0.122256032,,,
spreading,spread,2,,,,,,1000,0.002,-0.377189813,-0.273889446,,,
spy,spi,2,,,,,,1000,0.002,-0.448497652,0.26791522,,,
spectators,spectat,2,,,,,,1000,0.002,-0.665188918,0.608729641,,,
spanish,spanish,2,,,,,,1000,0.002,1.542221954,-0.164218401,,,
sowing,sow,2,,,,,,1000,0.002,-0.287342595,0.073442527,,,
southern,southern,2,,,,,,1000,0.002,-0.511991802,0.021109103,,,
sonny,sonni,2,,,,,,1000,0.002,0.92251923,0.573510553,,,
sole,sole,2,,,,,,1000,0.002,-0.523040872,-0.392669182,,,
soda,soda,2,,,,,,1000,0.002,-0.400914628,0.255138889,,,
smithsonian,smithsonian,2,,,,,,1000,0.002,,,,,
slip-up,slip-up,2,,,,,,1000,0.002,-0.324050015,0.364637156,,,
skeptical,skeptic,2,,,,,,1000,0.002,-0.772279183,-0.233776648,,,
sites,site,2,,,,,,1000,0.002,-0.341521953,-0.74319847,,,
sitc,sitc,2,,,,,,1000,0.002,,,,,
sinclair,sinclair,2,,,,,,1000,0.002,,,,,
shuts,shut,2,,,,,,1000,0.002,-0.385377882,-0.201044962,,,
showdown,showdown,2,,,,,,1000,0.002,-0.853823638,0.620054592,,,
showcase,showcas,2,,,,,,1000,0.002,-0.658906044,-0.54108241,,,
shops,shop,2,,,,,,1000,0.002,-0.389628449,-0.277440047,,,
sheikh,sheikh,2,,,,,,1000,0.002,0.010915472,0.410466475,,,
sheffield,sheffield,2,,,,,,1000,0.002,0.843763686,0.143623856,,,
sends,send,2,,,,,,1000,0.002,-0.354944823,-0.356951509,,,
seminary,seminari,2,,,,,,1000,0.002,-0.620010345,0.669363421,,,
sebastian,sebastian,2,,,,,,1000,0.002,0.537331514,-0.026447588,,,
seattle,seattl,2,,,,,,1000,0.002,2.13633489,-0.321011549,,,
seats,seat,2,,,,,,1000,0.002,-0.632732978,0.116965361,,,
sderot,sderot,2,,,,,,1000,0.002,,,,,
scott,scott,2,,,,,,1000,0.002,1.866706127,0.27776522,,,
scarlet,scarlet,2,,,,,,1000,0.002,0.137922272,0.498623227,,,
saturday's,saturday,2,,,,,,1000,0.002,0.746063352,0.228715773,,,
santo,santo,2,,,,,,1000,0.002,0.819387157,0.163029511,,,
samsung,samsung,2,,,,,,1000,0.002,1.673433937,-0.294991579,,,
salon,salon,2,,,,,,1000,0.002,-0.396838326,0.283928714,,,
saint,saint,2,,,,,,1000,0.002,-0.006224397,1.057771949,,,
sa,sa,2,,,,,,1000,0.002,0.987642814,-0.32460497,,,
rutgers,rutger,2,,,,,,1000,0.002,0.526835964,0.176055185,,,
russel,russel,2,,,,,,1000,0.002,,,,,
rushing,rush,2,,,,,,1000,0.002,-0.616771619,0.409845003,,,
rulin,rulin,2,,,,,,1000,0.002,,,,,
rowley,rowley,2,,,,,,1000,0.002,,,,,
routes,rout,2,,,,,,1000,0.002,-0.67789156,-0.057677402,,,
roster,roster,2,,,,,,1000,0.002,-0.72559075,0.246192942,,,
ross,ross,2,,,,,,1000,0.002,1.743102159,0.149659237,,,
rosen,rosen,2,,,,,,1000,0.002,,,,,
romanian,romanian,2,,,,,,1000,0.002,0.895067198,-0.282702926,,,
robinson,robinson,2,,,,,,1000,0.002,1.288601722,0.339326596,,,
rob,rob,2,,,,,,1000,0.002,-0.358672171,0.444719755,,,
rivalries,rivalri,2,,,,,,1000,0.002,-0.543017182,0.421172505,,,
riots,riot,2,,,,,,1000,0.002,-0.468553287,0.637441074,,,
richest,richest,2,,,,,,1000,0.002,-0.489202936,-0.069737955,,,
rhp,rhp,2,,,,,,1000,0.002,0.30016071,1.632630579,,,
revise,revis,2,,,,,,1000,0.002,-0.62116914,-0.444708939,,,
reviews,review,2,,,,,,1000,0.002,-0.2679648,-0.847912546,,,
retiring,retir,2,,,,,,1000,0.002,-0.668255071,0.210188995,,,
retaining,retain,2,,,,,,1000,0.002,-0.667018539,-0.383356248,,,
retail,retail,2,,,,,,1000,0.002,-0.546840465,-0.716827139,,,
restrooms,restroom,2,,,,,,1000,0.002,-0.510171949,0.127861364,,,
restrict,restrict,2,,,,,,1000,0.002,-0.560981903,-0.472505144,,,
restaurants,restaur,2,,,,,,1000,0.002,-0.590911141,-0.036764199,,,
resort,resort,2,,,,,,1000,0.002,-0.515301345,-0.02402972,,,
researcher,research,2,,,,,,1000,0.002,-0.621437719,-0.121460842,,,
replenished,replenish,2,,,,,,1000,0.002,-0.610407089,-0.289958843,,,
replacing,replac,2,,,,,,1000,0.002,-0.598791615,-0.116879555,,,
repeatedly,repeat,2,,,,,,1000,0.002,-0.781674112,0.104890663,,,
reparations,repar,2,,,,,,1000,0.002,-0.591740095,0.266284983,,,
renovate,renov,2,,,,,,1000,0.002,-0.889082342,0.177384675,,,
remembrance,remembr,2,,,,,,1000,0.002,-0.505459908,0.550351471,,,
relocated,reloc,2,,,,,,1000,0.002,-0.817053429,-0.178526324,,,
reject,reject,2,,,,,,1000,0.002,-0.599565394,-0.101902354,,,
refuse,refus,2,,,,,,1000,0.002,-0.353187222,0.004882227,,,
reds,red,2,,,,,,1000,0.002,0.147871905,0.652023796,,,
recyclable,recycl,2,,,,,,1000,0.002,-0.481448196,-0.144542921,,,
recovered,recov,2,,,,,,1000,0.002,-0.580251118,0.227897172,,,
recognition,recognit,2,,,,,,1000,0.002,-0.713746446,-0.474698698,,,
rebels,rebel,2,,,,,,1000,0.002,-0.585102555,0.614836166,,,
reacted,react,2,,,,,,1000,0.002,-0.751442488,-0.018021877,,,
raymond,raymond,2,,,,,,1000,0.002,1.431027997,0.073632314,,,
rapper,rapper,2,,,,,,1000,0.002,-0.145360322,0.626802776,,,
rao,rao,2,,,,,,1000,0.002,0.738911171,-0.03694264,,,
ranked,rank,2,,,,,,1000,0.002,-0.645213134,-0.150577894,,,
rambler,rambler,2,,,,,,1000,0.002,-0.121913452,0.699704066,,,
rajshahi,rajshahi,2,,,,,,1000,0.002,,,,,
railway,railway,2,,,,,,1000,0.002,-0.426737952,0.219996649,,,
radiation-hardened,radiation-harden,2,,,,,,1000,0.002,,,,,
r-lake,r-lake,2,,,,,,1000,0.002,,,,,
quid,quid,2,,,,,,1000,0.002,0.649497899,0.137024261,,,
questionable,question,2,,,,,,1000,0.002,-0.442226295,-0.161930675,,,
quay,quay,2,,,,,,1000,0.002,0.003303015,0.270582537,,,
quarterback,quarterback,2,,,,,,1000,0.002,-0.532460702,1.234233058,,,
qualify,qualifi,2,,,,,,1000,0.002,-0.631368221,-0.049159359,,,
quad,quad,2,,,,,,1000,0.002,-0.203352063,0.188318326,,,
qatar,qatar,2,,,,,,1000,0.002,0.470344126,-0.251839759,,,
pushing,push,2,,,,,,1000,0.002,-0.53338471,-0.244043636,,,
punish,punish,2,,,,,,1000,0.002,-0.596422249,0.238202263,,,
provincial,provinci,2,,,,,,1000,0.002,-0.3574256,0.106227863,,,
provider,provid,2,,,,,,1000,0.002,-0.523744805,-0.944254033,,,
proving,prove,2,,,,,,1000,0.002,-0.521462993,-0.225052256,,,
prompting,prompt,2,,,,,,1000,0.002,-0.513518542,-0.128664561,,,
promotional,promot,2,,,,,,1000,0.002,-0.520773305,-0.555474597,,,
prolific,prolif,2,,,,,,1000,0.002,-0.503739921,0.112946878,,,
projections,project,2,,,,,,1000,0.002,-0.706983097,-0.539566058,,,
profitability,profit,2,,,,,,1000,0.002,-0.747976967,-0.891448038,,,
productivity,product,2,,,,,,1000,0.002,-0.496433784,-0.710432594,,,
producer,produc,2,,,,,,1000,0.002,-0.659238483,-0.26079328,,,
probe,probe,2,,,,,,1000,0.002,-0.763195843,-0.147470042,,,
pro,pro,2,,,,,,1000,0.002,-0.210555601,0.260035779,,,
principals,princip,2,,,,,,1000,0.002,-0.793438608,-0.031915559,,,
princeton,princeton,2,,,,,,1000,0.002,0.608109381,-0.157988499,,,
prince,princ,2,,,,,,1000,0.002,-0.236368774,0.586280808,,,
pretenders,pretend,2,,,,,,1000,0.002,-0.065876239,0.478361831,,,
presidency,presid,2,,,,,,1000,0.002,-0.640705477,0.514058535,,,
premium,premium,2,,,,,,1000,0.002,-0.583323111,-0.733331894,,,
praise,prais,2,,,,,,1000,0.002,-0.641141662,0.185271645,,,
potentially,potenti,2,,,,,,1000,0.002,-0.641049231,-0.438084728,,,
potent,potent,2,,,,,,1000,0.002,-0.519618424,-0.016490559,,,
postal,postal,2,,,,,,1000,0.002,-0.474754833,0.046855591,,,
posed,pose,2,,,,,,1000,0.002,-0.670831964,-0.084347365,,,
portal,portal,2,,,,,,1000,0.002,-0.200380606,-0.967448384,,,
pomerantz,pomerantz,2,,,,,,1000,0.002,,,,,
pollution,pollut,2,,,,,,1000,0.002,-0.435093054,-0.028364009,,,
poll,poll,2,,,,,,1000,0.002,-0.671845689,0.100959108,,,
polanski,polanski,2,,,,,,1000,0.002,,,,,
podcast,podcast,2,,,,,,1000,0.002,-0.124605897,-0.611427706,,,
pllc,pllc,2,,,,,,1000,0.002,,,,,
plaintiffs,plaintiff,2,,,,,,1000,0.002,-0.681979627,0.092291717,,,
pitcher,pitcher,2,,,,,,1000,0.002,-0.543865401,1.2725347,,,
pinochet,pinochet,2,,,,,,1000,0.002,,,,,
piloting,pilot,2,,,,,,1000,0.002,-0.710775094,-0.316386292,,,
pillars,pillar,2,,,,,,1000,0.002,-0.56274879,-0.36943841,,,
picking,pick,2,,,,,,1000,0.002,-0.433612042,-0.008243547,,,
physicians,physician,2,,,,,,1000,0.002,-0.724833445,-0.142008719,,,
photographed,photograph,2,,,,,,1000,0.002,-0.515570584,0.367983486,,,
petition,petit,2,,,,,,1000,0.002,-0.60602623,0.154593732,,,
pete,pete,2,,,,,,1000,0.002,1.882663358,0.506178772,,,
persistent,persist,2,,,,,,1000,0.002,-0.476695665,-0.218598561,,,
perpetrated,perpetr,2,,,,,,1000,0.002,-0.407511763,0.086035584,,,
permanente,permanent,2,,,,,,1000,0.002,0.420187635,-0.354305401,,,
peripheral,peripher,2,,,,,,1000,0.002,-0.289200889,-0.405764724,,,
pep,pep,2,,,,,,1000,0.002,-0.272191003,0.154512264,,,
pelosi,pelosi,2,,,,,,1000,0.002,1.316699865,0.318435446,,,
peaked,peak,2,,,,,,1000,0.002,-0.405432845,-0.16665981,,,
payroll,payrol,2,,,,,,1000,0.002,-0.676821111,-0.068612843,,,
pawar's,pawar,2,,,,,,1000,0.002,,,,,
paul,paul,2,,,,,,1000,0.002,2.203545505,0.304662555,,,
patan,patan,2,,,,,,1000,0.002,,,,,
password,password,2,,,,,,1000,0.002,-0.045121445,-0.210796062,,,
passer,passer,2,,,,,,1000,0.002,-0.321739209,1.250843649,,,
participated,particip,2,,,,,,1000,0.002,-0.752691021,-0.293821419,,,
pantry,pantri,2,,,,,,1000,0.002,-0.72850457,0.490311901,,,
panthers,panther,2,,,,,,1000,0.002,0.174864632,0.598692116,,,
panel's,panel,2,,,,,,1000,0.002,-0.374824984,-0.529192205,,,
palace's,palac,2,,,,,,1000,0.002,-0.264322718,0.332804186,,,
pact,pact,2,,,,,,1000,0.002,-0.617891849,-0.230319988,,,
pa,pa,2,,,,,,1000,0.002,1.034350497,-0.024276662,,,
oxide,oxid,2,,,,,,1000,0.002,-0.170960355,-0.090522648,,,
outbreaks,outbreak,2,,,,,,1000,0.002,-0.605885793,-0.011436673,,,
out-of-control,out-of-control,2,,,,,,1000,0.002,,,,,
ottawa,ottawa,2,,,,,,1000,0.002,1.096609528,-0.328290729,,,
otamendi,otamendi,2,,,,,,1000,0.002,,,,,
ostensibly,ostens,2,,,,,,1000,0.002,-0.401655016,-0.163032818,,,
originating,origin,2,,,,,,1000,0.002,-0.37628704,-0.669275694,,,
ordinance,ordin,2,,,,,,1000,0.002,-0.561390842,0.529871686,,,
opted,opt,2,,,,,,1000,0.002,-0.5283397,-0.150491478,,,
opponent,oppon,2,,,,,,1000,0.002,-0.647994794,0.982595718,,,
operaházból,operaház,2,,,,,,1000,0.002,,,,,
openings,open,2,,,,,,1000,0.002,-0.329769138,-0.274311094,,,
oncology,oncolog,2,,,,,,1000,0.002,-0.573720146,-0.298919761,,,
omaha's,omaha,2,,,,,,1000,0.002,,,,,
om,om,2,,,,,,1000,0.002,1.054565299,-0.270277302,,,
olympic,olymp,2,,,,,,1000,0.002,0.995614515,0.091452312,,,
oilers,oiler,2,,,,,,1000,0.002,0.228543535,0.06092965,,,
offset,offset,2,,,,,,1000,0.002,-0.688735065,-0.606344583,,,
nottingham,nottingham,2,,,,,,1000,0.002,0.245315408,-0.053090416,,,
notifying,notifi,2,,,,,,1000,0.002,-0.806081506,-0.462018612,,,
notifications,notif,2,,,,,,1000,0.002,-0.336157831,-0.777012321,,,
northwest,northwest,2,,,,,,1000,0.002,-0.472446479,0.037516971,,,
newsletter,newslett,2,,,,,,1000,0.002,-0.430952922,-0.649626852,,,
newcomers,newcom,2,,,,,,1000,0.002,-0.656031342,0.22095415,,,
new-look,new-look,2,,,,,,1000,0.002,-0.354454883,-0.043787489,,,
nelson,nelson,2,,,,,,1000,0.002,0.803536112,0.689547114,,,
negros,negro,2,,,,,,1000,0.002,0.280944081,0.356681038,,,
nebraska,nebraska,2,,,,,,1000,0.002,1.086569019,-0.087938727,,,
nar,nar,2,,,,,,1000,0.002,1.08915038,0.113731104,,,
mulvaney,mulvaney,2,,,,,,1000,0.002,,,,,
msnbc's,msnbc,2,,,,,,1000,0.002,,,,,
mrt,mrt,2,,,,,,1000,0.002,,,,,
motto,motto,2,,,,,,1000,0.002,-0.255442804,0.015335343,,,
mother's,mother,2,,,,,,1000,0.002,-0.451436809,0.225781135,,,
mosque,mosqu,2,,,,,,1000,0.002,-0.414148005,0.742360537,,,
monster,monster,2,,,,,,1000,0.002,-0.085963121,0.37785996,,,
monnier,monnier,2,,,,,,1000,0.002,,,,,
monika,monika,2,,,,,,1000,0.002,,,,,
mon,mon,2,,,,,,1000,0.002,1.444745161,0.102527673,,,
mohammed,moham,2,,,,,,1000,0.002,1.087816208,0.299392614,,,
mnangagwa's,mnangagwa,2,,,,,,1000,0.002,,,,,
mls,mls,2,,,,,,1000,0.002,0.928709131,-0.030836978,,,
mladenovic,mladenov,2,,,,,,1000,0.002,,,,,
mitigate,mitig,2,,,,,,1000,0.002,-0.785283506,-0.701395161,,,
milwaukee,milwauke,2,,,,,,1000,0.002,1.513158728,-0.025259967,,,
miguel,miguel,2,,,,,,1000,0.002,0.988472864,0.102767737,,,
midfielder,midfield,2,,,,,,1000,0.002,-0.633686499,1.454127358,,,
microenvironment,microenviron,2,,,,,,1000,0.002,-0.591178743,0.047445563,,,
mice,mice,2,,,,,,1000,0.002,-0.34319047,0.081950041,,,
miami,miami,2,,,,,,1000,0.002,2.157031033,-0.159973304,,,
metropolis,metropoli,2,,,,,,1000,0.002,-0.430780678,0.132013685,,,
meter,meter,2,,,,,,1000,0.002,-0.287647886,0.308232089,,,
mets,met,2,,,,,,1000,0.002,1.422157688,0.007583776,,,
messi's,messi,2,,,,,,1000,0.002,,,,,
mercy,merci,2,,,,,,1000,0.002,-0.241897435,0.413679268,,,
melbourne,melbourn,2,,,,,,1000,0.002,1.662066676,-0.077892385,,,
mcmansions,mcmansion,2,,,,,,1000,0.002,,,,,
max,max,2,,,,,,1000,0.002,0.502485682,-0.12103083,,,
matt,matt,2,,,,,,1000,0.002,1.404588318,0.221312351,,,
matchup,matchup,2,,,,,,1000,0.002,-0.814618236,0.986419569,,,
massacre,massacr,2,,,,,,1000,0.002,-0.343878663,0.763450185,,,
marina,marina,2,,,,,,1000,0.002,-0.504676112,0.337842952,,,
marijuana,marijuana,2,,,,,,1000,0.002,-0.395197156,0.544208868,,,
mallards,mallard,2,,,,,,1000,0.002,-0.023278635,0.937531906,,,
mall,mall,2,,,,,,1000,0.002,-0.618935739,0.221372434,,,
malaysia,malaysia,2,,,,,,1000,0.002,2.144236571,-0.733592056,,,
majors,major,2,,,,,,1000,0.002,-0.507757301,0.059880119,,,
maharashtra,maharashtra,2,,,,,,1000,0.002,0.877355537,-0.042513031,,,
lynda,lynda,2,,,,,,1000,0.002,,,,,
luis,lui,2,,,,,,1000,0.002,1.002833136,0.321474417,,,
longtime,longtim,2,,,,,,1000,0.002,-0.832654906,-0.034712947,,,
locations,locat,2,,,,,,1000,0.002,-0.652641937,-0.680813203,,,
llc,llc,2,,,,,,1000,0.002,0.540007485,-0.93406628,,,
listings,list,2,,,,,,1000,0.002,-0.226650046,-0.848095402,,,
lionel,lionel,2,,,,,,1000,0.002,0.288140408,-0.087798425,,,
lion,lion,2,,,,,,1000,0.002,-0.325366166,0.263211749,,,
lic,lic,2,,,,,,1000,0.002,1.108242838,-0.444707897,,,
liar,liar,2,,,,,,1000,0.002,0.078336951,0.891934584,,,
legalization,legal,2,,,,,,1000,0.002,-0.30267333,0.015038415,,,
leaked,leak,2,,,,,,1000,0.002,-0.343295929,-0.267209787,,,
leafs,leaf,2,,,,,,1000,0.002,0.553268541,0.258332871,,,
lawrence,lawrenc,2,,,,,,1000,0.002,1.52573596,0.205982985,,,
laporte,laport,2,,,,,,1000,0.002,,,,,
lam,lam,2,,,,,,1000,0.002,0.265418224,0.712504064,,,
kyzylorda,kyzylorda,2,,,,,,1000,0.002,,,,,
kuntin,kuntin,2,,,,,,1000,0.002,,,,,
kratz,kratz,2,,,,,,1000,0.002,,,,,
kong,kong,2,,,,,,1000,0.002,1.097055168,0.14142671,,,
knocks,knock,2,,,,,,1000,0.002,-0.312500135,0.47182658,,,
kmph,kmph,2,,,,,,1000,0.002,0.128902575,0.476448316,,,
klaasen,klaasen,2,,,,,,1000,0.002,,,,,
kiwi,kiwi,2,,,,,,1000,0.002,0.174468752,0.130901821,,,
kills,kill,2,,,,,,1000,0.002,-0.391897233,0.537429425,,,
kick,kick,2,,,,,,1000,0.002,-0.411912679,0.282811572,,,
kent,kent,2,,,,,,1000,0.002,1.201777437,0.132952981,,,
kelsea,kelsea,2,,,,,,1000,0.002,,,,,
kate,kate,2,,,,,,1000,0.002,1.893459199,0.526206495,,,
kashmir's,kashmir,2,,,,,,1000,0.002,,,,,
justices,justic,2,,,,,,1000,0.002,-0.886810954,0.661732123,,,
joel,joel,2,,,,,,1000,0.002,1.402088128,0.153632779,,,
jeevan,jeevan,2,,,,,,1000,0.002,0.201746016,0.200287661,,,
jay,jay,2,,,,,,1000,0.002,1.513522307,0.484153056,,,
janice,janic,2,,,,,,1000,0.002,0.560271053,0.194651091,,,
jammu,jammu,2,,,,,,1000,0.002,0.237565932,0.153211225,,,
jack,jack,2,,,,,,1000,0.002,0.307023694,0.239998544,,,
issuing,issu,2,,,,,,1000,0.002,-0.621333846,-0.332646539,,,
islanders,island,2,,,,,,1000,0.002,-0.276939461,0.324109631,,,
ireland,ireland,2,,,,,,1000,0.002,1.788403875,-0.401800611,,,
interpreter,interpret,2,,,,,,1000,0.002,-0.520902064,0.519812565,,,
interim,interim,2,,,,,,1000,0.002,-0.844880286,-0.093962176,,,
intellectual,intellectu,2,,,,,,1000,0.002,-0.544240301,-0.067131667,,,
installation,instal,2,,,,,,1000,0.002,-0.460719953,-0.473170911,,,
insightful,insight,2,,,,,,1000,0.002,-0.479097214,-0.328868914,,,
insecurities,insecur,2,,,,,,1000,0.002,-0.272332834,0.161936329,,,
inlets,inlet,2,,,,,,1000,0.002,-0.241530617,0.13741817,,,
initiatives,initi,2,,,,,,1000,0.002,-0.774548634,-0.943243079,,,
infielder,infield,2,,,,,,1000,0.002,-0.698243316,1.25067838,,,
indonesia,indonesia,2,,,,,,1000,0.002,1.434992615,-0.184422924,,,
indigenous,indigen,2,,,,,,1000,0.002,-0.289310294,-0.222508745,,,
inclusion,inclus,2,,,,,,1000,0.002,-0.536245131,-0.556497737,,,
imported,import,2,,,,,,1000,0.002,-0.447833197,-0.299769661,,,
imperious,imperi,2,,,,,,1000,0.002,-0.509747999,0.718296922,,,
immigration,immigr,2,,,,,,1000,0.002,-0.390205472,0.431005777,,,
illustrated,illustr,2,,,,,,1000,0.002,-0.541554146,-0.278827811,,,
ian,ian,2,,,,,,1000,0.002,0.446216214,0.207745357,,,
hypocrisy,hypocrisi,2,,,,,,1000,0.002,-0.40508985,0.370524324,,,
hurt,hurt,2,,,,,,1000,0.002,-0.55769598,0.132249218,,,
hurricane,hurrican,2,,,,,,1000,0.002,-0.479980734,0.059840545,,,
humanitarian,humanitarian,2,,,,,,1000,0.002,-0.81600548,0.24917657,,,
houston,houston,2,,,,,,1000,0.002,1.924314846,-0.21288131,,,
honoring,honor,2,,,,,,1000,0.002,-0.758137208,-0.033786653,,,
hong,hong,2,,,,,,1000,0.002,0.838836757,-0.084063293,,,
homeowner,homeown,2,,,,,,1000,0.002,-0.431132268,0.49791333,,,
holocaust,holocaust,2,,,,,,1000,0.002,-0.073491668,0.34754636,,,
ho,ho,2,,,,,,1000,0.002,1.015508117,0.234323135,,,
historically,histor,2,,,,,,1000,0.002,-0.59884547,-0.417245457,,,
hilaire,hilair,2,,,,,,1000,0.002,,,,,
hike,hike,2,,,,,,1000,0.002,-0.533993487,0.066474006,,,
heterogeneous,heterogen,2,,,,,,1000,0.002,-0.334185141,-0.397617801,,,
heroes,hero,2,,,,,,1000,0.002,-0.403035123,0.488081782,,,
headphones,headphon,2,,,,,,1000,0.002,-0.112352904,0.096130782,,,
havasu,havasu,2,,,,,,1000,0.002,,,,,
harris,harri,2,,,,,,1000,0.002,1.640276957,0.12735094,,,
harbor,harbor,2,,,,,,1000,0.002,-0.326430732,0.225762959,,,
haphazard,haphazard,2,,,,,,1000,0.002,-0.59659879,-0.092150476,,,
handful,hand,2,,,,,,1000,0.002,-0.581476536,-0.088812728,,,
hana,hana,2,,,,,,1000,0.002,0.56257714,0.164740501,,,
hammered,hammer,2,,,,,,1000,0.002,-0.526315022,0.113842973,,,
halloween,halloween,2,,,,,,1000,0.002,1.085551724,0.146349366,,,
guptill,guptil,2,,,,,,1000,0.002,,,,,
guardian's,guardian,2,,,,,,1000,0.002,-0.367948038,0.185702403,,,
guarantee,guarante,2,,,,,,1000,0.002,-0.554111713,-0.380315716,,,
grown-up,grown-up,2,,,,,,1000,0.002,-0.097929315,0.351490939,,,
greek,greek,2,,,,,,1000,0.002,0.815853932,0.076829382,,,
granit,granit,2,,,,,,1000,0.002,,,,,
govt,govt,2,,,,,,1000,0.002,0.680682136,-0.400558072,,,
goalkeeper,goalkeep,2,,,,,,1000,0.002,-0.694604106,1.601327751,,,
gig,gig,2,,,,,,1000,0.002,-0.168259872,0.319194563,,,
germany's,germani,2,,,,,,1000,0.002,,,,,
george,georg,2,,,,,,1000,0.002,2.095494514,0.14104465,,,
geological,geolog,2,,,,,,1000,0.002,-0.649973875,0.075469604,,,
genre,genr,2,,,,,,1000,0.002,-0.349931584,0.035094323,,,
gavin,gavin,2,,,,,,1000,0.002,0.592422966,0.289644664,,,
funeral,funer,2,,,,,,1000,0.002,-0.542345955,0.90450889,,,
fuel,fuel,2,,,,,,1000,0.002,-0.646562001,-0.101437158,,,
ftch,ftch,2,,,,,,1000,0.002,,,,,
frayed,fray,2,,,,,,1000,0.002,-0.495501197,0.094502997,,,
frankly,frank,2,,,,,,1000,0.002,-0.224619401,-0.085167536,,,
francisco,francisco,2,,,,,,1000,0.002,0.320810774,-0.022313928,,,
franchise,franchis,2,,,,,,1000,0.002,-0.666352872,-0.245851218,,,
forward-looking,forward-look,2,,,,,,1000,0.002,-0.466993731,-0.603228164,,,
forged,forg,2,,,,,,1000,0.002,-0.676835753,-0.109333606,,,
focuses,focus,2,,,,,,1000,0.002,-0.66446524,-0.953893933,,,
florida,florida,2,,,,,,1000,0.002,2.412044115,-0.466924129,,,
flagging,flag,2,,,,,,1000,0.002,-0.462413464,-0.377610405,,,
fitness,fit,2,,,,,,1000,0.002,-0.554766896,0.096446851,,,
finalists,finalist,2,,,,,,1000,0.002,-0.745135373,0.111141882,,,
filmmaker's,filmmak,2,,,,,,1000,0.002,-0.669804458,0.20765906,,,
fiji,fiji,2,,,,,,1000,0.002,0.57991797,-0.086974471,,,
feagin,feagin,2,,,,,,1000,0.002,,,,,
fc,fc,2,,,,,,1000,0.002,1.366948673,0.147730865,,,
favourites,favourit,2,,,,,,1000,0.002,,,,,
father's,father,2,,,,,,1000,0.002,-0.433952532,0.444808636,,,
fastnet,fastnet,2,,,,,,1000,0.002,,,,,
farms,farm,2,,,,,,1000,0.002,-0.503790855,-0.014907274,,,
farage,farag,2,,,,,,1000,0.002,,,,,
FALSE,fals,2,,,,,,1000,0.002,-0.554208166,0.162228539,,,
factbox,factbox,2,,,,,,1000,0.002,0.001398695,-0.884185733,,,
fabinho,fabinho,2,,,,,,1000,0.002,,,,,
expecting,expect,2,,,,,,1000,0.002,-0.593204522,-0.011345521,,,
exhibited,exhibit,2,,,,,,1000,0.002,-0.610372225,-0.240793964,,,
exhausting,exhaust,2,,,,,,1000,0.002,-0.676740667,0.149479101,,,